City_ID,City,Lat,Lng,Max Temp,Humidity,Cloudiness,Wind Speed,Country,Date
0,bontang,0.1333,117.5,25.86,89,100,1.92,ID,1683590348
1,grytviken,-54.2811,-36.5092,-0.27,71,11,3.07,GS,1683590387
2,avarua,-21.2078,-159.775,28.03,74,75,6.17,CK,1683590388
3,thompson,55.7435,-97.8558,21.09,28,75,3.09,CA,1683590388
4,port-aux-francais,-49.35,70.2167,6.34,95,100,19.75,TF,1683590305
5,vorgashor,67.5833,63.95,-1.97,97,100,4.31,RU,1683590388
6,rocha,-34.4833,-54.3333,12.12,85,3,3.06,UY,1683590388
7,soio,-6.1349,12.3689,26.22,89,70,2.19,AO,1683590389
8,iqaluit,63.7506,-68.5145,-5.15,79,20,7.72,CA,1683590389
9,ushuaia,-54.8,-68.3,8.81,57,75,6.17,AR,1683590226
10,invercargill,-46.4,168.35,11.73,91,65,2.42,NZ,1683590389
11,atafu village,-8.5421,-172.5159,29.01,77,10,6.17,TK,1683590389
12,cabo san lucas,22.8909,-109.9124,30.9,53,30,6.39,MX,1683590390
13,lebu,-37.6167,-73.65,10.31,77,93,5.91,CL,1683590390
14,edinburgh of the seven seas,-37.0676,-12.3116,15.34,69,100,6.85,SH,1683590390
15,greymouth,-42.4667,171.2,15.69,97,100,4.28,NZ,1683590390
16,san patricio,28.017,-97.5169,28.99,74,63,6.18,US,1683590390
17,howard springs,-12.497,131.047,25.46,56,65,6.57,AU,1683590391
18,yellowknife,62.456,-114.3525,14.29,47,75,5.14,CA,1683590382
19,roswell,34.0232,-84.3616,26.1,73,0,2.57,US,1683590215
20,cuajinicuilapa,16.4667,-98.4167,32.06,48,9,3.06,MX,1683590391
21,sitka,57.0531,-135.33,9.79,63,41,3.24,US,1683590392
22,siwa oasis,29.2041,25.5195,20.3,49,14,5.43,EG,1683590392
23,adamstown,-25.066,-130.1015,21.53,56,100,5.46,PN,1683590392
24,west island,-12.1568,96.8225,26.99,94,40,2.57,CC,1683590350
25,guiuan,11.0333,125.7247,28.45,72,69,2.48,PH,1683590392
26,saint-francois,46.4154,3.9054,11.69,94,100,0.51,FR,1683590393
27,la paz,-16.5,-68.15,9.21,63,75,4.12,BO,1683590268
28,fiambala,-27.6871,-67.6149,16.17,44,0,1.23,AR,1683590393
29,bathsheba,13.2167,-59.5167,27.34,83,40,5.66,BB,1683590393
30,mwene-ditu,-7.0,23.45,18.4,80,74,2.09,CD,1683590393
31,tura,25.5198,90.2201,23.14,39,2,1.95,IN,1683590394
32,tiksi,71.6872,128.8694,-8.41,81,83,7.33,RU,1683590394
33,flin flon,54.7682,-101.865,20.91,28,20,2.57,CA,1683589937
34,klyuchi,52.2667,79.1667,15.55,42,27,2.52,RU,1683590394
35,talcahuano,-36.7167,-73.1167,12.82,88,0,3.6,CL,1683590394
36,jamestown,42.097,-79.2353,15.8,44,0,3.6,US,1683590395
37,fort st. john,56.2499,-120.8529,16.94,42,75,3.6,CA,1683590390
38,pandan,14.0453,124.1694,28.8,72,75,0.83,PH,1683590395
39,broken hill,-31.95,141.4333,11.7,63,1,6.41,AU,1683590395
40,kendari,-3.945,122.4989,24.82,95,100,1.82,ID,1683590314
41,igarka,67.4667,86.5833,-6.22,93,100,4.78,RU,1683590396
42,isafjordur,66.0755,-23.124,4.94,97,97,2.74,IS,1683590396
43,ocean city,39.2776,-74.5746,23.01,81,98,1.34,US,1683590251
44,washington,47.5001,-120.5015,18.09,43,96,0.98,US,1683590396
45,blackmans bay,-43.0167,147.3167,13.74,70,92,5.55,AU,1683590396
46,bairnsdale,-37.8333,147.6167,14.47,75,99,1.79,AU,1683590396
47,ayr,55.4627,-4.6339,11.39,100,20,1.03,GB,1683590397
48,hammerfest,70.6634,23.6821,1.25,100,100,2.06,NO,1683590397
49,whitehorse,60.7161,-135.0538,12.23,27,20,5.14,CA,1683590397
50,igoumenitsa,39.5039,20.2656,19.26,69,100,1.91,GR,1683590397
51,tanout,14.9709,8.8879,26.63,8,98,1.41,NE,1683590397
52,rengo,-34.4167,-70.8667,16.61,39,76,0.88,CL,1683590398
53,tchibanga,-2.85,11.0333,22.55,99,91,0.79,GA,1683590398
54,longyearbyen,78.2186,15.6401,-2.09,86,75,1.03,SJ,1683590398
55,stanley,54.868,-1.6985,12.06,92,76,3.03,GB,1683590398
56,santiago del torno,-17.9833,-63.3833,19.42,80,100,1.68,BO,1683590399
57,dryden,49.7833,-92.7503,14.16,58,100,2.06,CA,1683590399
58,porto velho,-8.7619,-63.9039,23.03,94,75,2.06,BR,1683590399
59,georgetown,5.4112,100.3354,27.96,94,20,1.03,MY,1683590147
60,qaqortoq,60.7167,-46.0333,1.05,88,96,1.38,GL,1683590399
61,albany,42.6001,-73.9662,17.32,63,56,2.73,US,1683590259
62,fort bragg,35.139,-79.006,27.75,55,20,3.09,US,1683590275
63,coquimbo,-29.9533,-71.3436,12.85,100,20,1.54,CL,1683590400
64,mount gambier,-37.8333,140.7667,14.55,71,86,3.87,AU,1683590401
65,rongelap,11.1635,166.8941,27.2,80,100,7.63,MH,1683590402
66,aasiaat,68.7098,-52.8699,-2.77,78,100,5.42,GL,1683590403
67,margaret river,-33.95,115.0667,17.95,57,97,9.14,AU,1683590404
68,taro,-8.3862,115.28,24.0,93,89,1.17,ID,1683590405
69,puerto natales,-51.7236,-72.4875,5.54,86,87,3.07,CL,1683590409
70,yaremche,48.4583,24.5519,3.35,100,100,0.95,UA,1683590410
71,daru,-9.0763,143.2092,25.5,94,100,4.45,PG,1683590410
72,murzuq,25.9155,13.9184,27.01,13,100,5.9,LY,1683590412
73,bom jesus,-9.0744,-44.3586,27.61,50,89,2.32,BR,1683590412
74,al ghayzah,16.2079,52.176,25.22,64,3,0.69,YE,1683590415
75,goondiwindi,-28.55,150.3167,13.36,38,0,4.01,AU,1683590416
76,el calafate,-50.3408,-72.2768,6.27,79,46,3.86,AR,1683590416
77,tazovsky,67.4667,78.7,-11.21,89,100,11.91,RU,1683590418
78,saipan,15.1355,145.701,30.39,70,20,5.66,MP,1683590420
79,hithadhoo,-0.6,73.0833,28.17,72,50,4.56,MV,1683590423
80,maba,24.6841,113.5984,21.66,86,77,1.22,CN,1683590426
81,hawaiian paradise park,19.5933,-154.9731,27.07,71,43,0.45,US,1683590428
82,celestun,20.8667,-90.4,27.2,84,11,11.53,MX,1683590429
83,abadan,30.3392,48.3043,27.97,39,40,4.12,IR,1683590430
84,nova sintra,14.8667,-24.7167,19.8,83,0,11.5,CV,1683590431
85,lihue,21.9789,-159.3672,28.58,70,23,5.92,US,1683590431
86,amga,60.8953,131.9608,-1.51,61,82,2.5,RU,1683590431
87,ecija,37.5422,-5.0826,21.88,40,85,1.16,ES,1683590433
88,calvinia,-31.4707,19.776,13.14,35,3,1.09,ZA,1683590434
89,pueblo,38.2545,-104.6091,25.97,33,0,8.23,US,1683590157
90,waitangi,-43.9535,-176.5597,16.57,94,100,3.58,NZ,1683590434
91,juan griego,11.0817,-63.9655,22.07,100,42,10.8,VE,1683590434
92,luderitz,-26.6481,15.1594,13.26,88,0,8.56,NA,1683590435
93,yarmouth,41.7057,-70.2286,18.06,67,0,2.68,US,1683590435
94,chernyshevskiy,63.0128,112.4714,1.04,98,100,4.83,RU,1683590435
95,santa isabel,-23.3156,-46.2214,23.42,82,6,1.16,BR,1683590436
96,talnakh,69.4865,88.3972,-3.77,96,100,1.66,RU,1683590436
97,oumache,34.6929,5.6809,23.16,35,20,4.63,DZ,1683590436
98,kuching,1.55,110.3333,26.12,89,20,1.54,MY,1683590239
99,ancud,-41.8697,-73.8203,10.02,74,100,1.26,CL,1683590436
100,port elizabeth,-33.918,25.5701,17.95,91,0,2.06,ZA,1683590437
101,wailua homesteads,22.0669,-159.378,28.24,70,36,3.13,US,1683590437
102,praia da vitoria,38.7333,-27.0667,17.14,94,75,1.53,PT,1683590438
103,vilyuchinsk,52.9306,158.4028,6.15,94,100,11.17,RU,1683590438
104,tual,-5.6667,132.75,28.31,77,99,3.8,ID,1683590438
105,ubari,26.5921,12.7805,26.86,16,74,9.44,LY,1683590438
106,mahina,-17.5065,-149.489,29.87,70,40,3.6,PF,1683590439
107,nizhneangarsk,55.7833,109.55,7.38,76,20,1.71,RU,1683590439
108,hamilton,39.1834,-84.5333,24.43,69,75,4.12,US,1683590303
109,darjiling,27.0333,88.2667,15.01,74,1,3.43,IN,1683590439
110,moose jaw,50.4001,-105.5344,18.15,45,40,6.69,CA,1683590440
111,ulladulla,-35.35,150.4667,13.2,55,6,1.08,AU,1683590440
112,el porvenir,13.7617,-87.3458,31.63,36,38,1.73,HN,1683590440
113,bredasdorp,-34.5322,20.0403,12.56,94,26,0.77,ZA,1683590440
114,puerto deseado,-47.7503,-65.8938,9.85,52,49,5.76,AR,1683590441
115,kuala tungkal,-0.8167,103.4667,23.92,95,100,1.11,ID,1683590441
116,keflavik,64.0049,-22.5624,9.95,93,75,2.57,IS,1683590446
117,punta arenas,-53.15,-70.9167,7.06,76,75,5.66,CL,1683590257
118,ribeira grande,38.5167,-28.7,15.99,94,99,1.34,PT,1683590447
119,rundu,-17.9333,19.7667,16.79,44,4,1.5,NA,1683590447
120,sakaiminato,35.55,133.2333,12.96,87,40,2.06,JP,1683590447
121,vadso,70.0744,29.7487,2.49,87,100,4.63,NO,1683590448
122,viedma,-40.8135,-62.9967,10.33,61,2,1.03,AR,1683590448
123,nyurba,63.2842,118.3319,-0.35,79,96,4.67,RU,1683590448
124,jalai nur,49.45,117.7,13.53,20,8,4.94,CN,1683590448
125,taltal,-25.4,-70.4833,18.03,74,41,4.47,CL,1683590449
126,polyarnyy,69.1989,33.4478,1.01,99,100,4.22,RU,1683590449
127,weno,7.4515,151.8468,28.58,75,100,1.62,FM,1683590449
128,hobyo,5.3505,48.5268,27.18,75,17,8.47,SO,1683590449
129,puerto ayora,-0.7393,-90.3518,26.97,94,74,1.79,EC,1683590450
130,santo antonio do ica,-3.1022,-67.9397,24.08,98,75,0.5,BR,1683590450
131,den burg,53.0542,4.7972,13.99,89,100,2.57,NL,1683590450
132,bodaybo,57.8506,114.1933,4.46,100,100,0.93,RU,1683590450
133,afaahiti,-17.75,-149.2833,28.93,70,34,2.15,PF,1683590451
134,shache,38.4167,77.2406,11.7,17,85,2.97,CN,1683590451
135,tazacorte,28.629,-17.9293,20.54,78,0,6.17,ES,1683590451
136,kingston,17.997,-76.7936,28.53,82,40,8.75,JM,1683590392
137,sao joao da barra,-21.6403,-41.0511,23.05,94,21,1.65,BR,1683590451
138,ercis,39.0287,43.3586,6.31,80,14,0.81,TR,1683590452
139,chonchi,-42.6128,-73.8092,8.4,89,100,1.32,CL,1683590452
140,hermanus,-34.4187,19.2345,16.0,94,12,1.58,ZA,1683590452
141,petropavlovsk-kamchatsky,53.0452,158.6483,5.33,56,75,6.0,RU,1683590452
142,harstad,68.799,16.5293,7.01,70,100,4.47,NO,1683590453
143,musafir-khana,26.3667,81.8,29.01,26,0,0.96,IN,1683590453
144,bethel,41.3712,-73.414,20.27,61,40,3.01,US,1683590453
145,kodinsk,58.6881,99.1844,11.73,66,38,2.75,RU,1683590453
146,kaura namoda,12.5898,6.5779,29.99,28,100,2.23,NG,1683590454
147,zaozersk,69.4005,32.4476,0.78,98,100,2.86,RU,1683590454
148,gillette,44.2911,-105.5022,20.51,17,0,5.14,US,1683590195
149,hotan,37.0997,79.9269,10.6,18,100,2.95,CN,1683590454
150,port saint john's,-31.6229,29.5448,15.47,94,91,1.53,ZA,1683590455
151,bamboo flat,11.7,92.7167,29.17,77,100,4.95,IN,1683590455
152,naurskaya,43.6519,45.3133,11.52,86,100,3.11,RU,1683590455
153,codrington,-38.2667,141.9667,14.17,75,100,4.89,AU,1683590455
154,matadi,-5.8167,13.45,24.93,98,79,0.76,CD,1683590456
155,constantia,44.1833,28.65,9.38,87,100,5.59,RO,1683590249
156,iskateley,67.6803,53.1512,-0.87,85,100,6.26,RU,1683590456
157,balabac,7.9868,117.0645,28.74,73,96,1.28,PH,1683590456
158,port mathurin,-19.6833,63.4167,25.84,72,0,8.72,MU,1683590456
159,fale old settlement,-9.3852,-171.2468,29.3,76,4,5.62,TK,1683590457
160,kapit,2.0167,112.9333,25.62,84,99,1.07,MY,1683590457
161,dali,25.7,100.1833,16.25,48,79,1.72,CN,1683590457
162,susuman,62.7833,148.1667,1.61,88,82,1.31,RU,1683590458
163,north platte,41.1239,-100.7654,26.18,24,29,0.89,US,1683590458
164,anadyr,64.75,177.4833,-1.72,86,100,6.71,RU,1683590458
165,santa cruz,-17.8,-63.1667,20.03,77,75,3.6,BO,1683590458
166,burang,30.25,81.1667,-4.64,87,87,2.25,CN,1683590387
167,nar'yan-mar,67.6713,53.087,-0.82,85,100,6.26,RU,1683590459
168,huayucachi,-12.1333,-75.2333,7.55,98,77,1.91,PE,1683590459
169,khabary,53.6259,79.5345,13.14,45,53,4.11,RU,1683590459
170,bhamo,24.2667,97.2333,26.62,47,11,0.39,MM,1683590459
171,nova xavantina,-14.6667,-52.35,23.5,66,94,1.21,BR,1683590459
172,east london,-33.0153,27.9116,16.58,80,84,1.61,ZA,1683590460
173,sabang,5.8933,95.3214,28.57,69,100,6.64,ID,1683590460
174,badger,64.8,-147.5333,12.14,46,97,2.57,US,1683590460
175,haiku-pauwela,20.9219,-156.3051,25.58,71,9,10.2,US,1683590461
176,wenji,8.45,39.2833,16.98,89,62,1.34,ET,1683590461
177,champerico,14.3,-91.9167,31.3,64,3,3.88,GT,1683590461
178,callao,-12.0667,-77.15,22.16,78,100,6.69,PE,1683590461
179,comisani,44.8833,25.5833,9.25,99,100,1.37,RO,1683590461
180,ust-nera,64.5667,143.2,0.37,63,86,2.06,RU,1683590462
181,ingeniero jacobacci,-41.3427,-69.5448,12.07,25,96,5.44,AR,1683590462
182,jamaame,0.0697,42.745,23.85,93,45,2.13,SO,1683590462
183,alofi,-19.0595,-169.9187,26.11,77,53,2.46,NU,1683590463
184,college,64.8569,-147.8028,12.18,55,94,2.57,US,1683590463
185,yuzhno-kurilsk,44.0306,145.8556,5.29,78,7,6.18,RU,1683590463
186,corinto,37.9407,22.9573,18.27,64,100,0.74,GR,1683590463
187,mar del plata,-38.0023,-57.5575,13.94,91,75,3.6,AR,1683590464
188,uturoa,-16.7333,-151.4333,27.83,74,19,3.81,PF,1683590464
189,dunedin,-45.8742,170.5036,17.82,56,100,2.46,NZ,1683590430
190,cedeira,43.6797,-8.0209,16.88,87,100,6.96,ES,1683590465
191,kamaishi,39.2667,141.8833,11.59,72,20,2.08,JP,1683590465
192,itaituba,-4.2761,-55.9836,28.09,83,40,0.0,BR,1683590465
193,andergrove,-21.0833,149.1833,18.69,41,36,7.38,AU,1683590466
194,lompoc,34.6391,-120.4579,22.08,75,20,12.52,US,1683590466
195,olonkinbyen,70.9221,-8.7187,2.15,100,100,1.92,SJ,1683590466
196,el dovio,4.5079,-76.2362,19.0,97,99,2.22,CO,1683590466
197,labrador city,52.9463,-66.9114,0.95,51,75,4.12,CA,1683590411
198,bowen,-20.0167,148.2333,19.27,30,2,5.46,AU,1683590467
199,happy valley-goose bay,53.3168,-60.3315,3.17,60,75,7.2,CA,1683590467
200,mahibadhoo,3.7833,72.9667,28.49,75,49,4.59,MV,1683590468
201,sibut,5.718,19.0739,23.39,86,96,0.85,CF,1683590468
202,metu,8.3,35.5833,14.99,97,79,1.19,ET,1683590468
203,wenchang,30.904,118.4887,16.31,62,37,3.72,CN,1683590468
204,gubat,12.9206,124.1231,28.64,73,35,1.53,PH,1683590469
205,porto novo,6.4965,2.6036,27.9,80,60,2.68,BJ,1683590433
206,akureyri,65.6835,-18.0878,6.96,87,75,4.12,IS,1683590469
207,downers grove,41.8089,-88.0112,12.71,92,97,2.68,US,1683590405
208,cidreira,-30.1811,-50.2056,17.63,80,55,3.87,BR,1683590470
209,onega,63.9061,38.1404,1.28,95,77,2.2,RU,1683590470
210,angaur state,6.906,134.13,28.53,73,91,1.07,PW,1683590470
211,tahe,52.3333,124.7333,5.61,28,11,7.26,CN,1683590471
212,boguchany,58.3814,97.4531,13.8,53,27,2.67,RU,1683590471
213,kelo,9.3086,15.8066,31.71,41,57,1.98,TD,1683590471
214,zhengjiatun,43.5064,123.5064,15.65,14,2,4.97,CN,1683590472
215,ubinskoye,55.3068,79.6802,10.89,39,100,3.49,RU,1683590472
216,hrubieszow,50.805,23.8925,3.08,84,8,1.88,PL,1683590472
217,ilanskiy,56.2358,96.065,15.0,44,6,3.4,RU,1683590473
218,egilsstadir,65.2653,-14.3948,5.95,93,75,2.57,IS,1683590473
219,idri,27.5,13.2667,27.07,20,35,4.89,LY,1683590453
220,san fernando de apure,7.8878,-67.4724,31.69,42,55,2.44,VE,1683590473
221,flying fish cove,-10.4217,105.6791,26.82,89,75,4.12,CX,1683590473
222,fada,9.5667,8.3,23.61,68,14,0.65,NG,1683590474
223,kabansk,52.0486,106.6528,12.86,41,8,1.5,RU,1683590474
224,calafell,41.2,1.5683,18.81,57,91,2.33,ES,1683590470
225,kemijarvi,66.7131,27.4306,0.89,99,100,1.87,FI,1683590474
226,colonia,50.9333,6.95,16.36,85,75,2.57,DE,1683590475
227,hue,16.4667,107.6,26.06,89,75,1.54,VN,1683590261
228,toliara,-23.35,43.6667,22.98,75,54,1.57,MG,1683590475
229,ebon,4.582,168.6964,26.39,87,100,3.5,MH,1683590475
230,vodnyy,63.5046,53.4095,0.59,86,96,4.88,RU,1683590476
231,malpica,43.3228,-8.8105,17.16,81,100,3.82,ES,1683590476
232,naze,28.3667,129.4833,21.51,61,66,7.53,JP,1683590476
233,can tho,10.0333,105.7833,24.99,100,40,1.03,VN,1683590424
234,hudiksvall,61.729,17.1036,8.06,64,87,2.82,SE,1683590477
235,kenai,60.5544,-151.2583,8.05,60,100,4.12,US,1683590477
236,walvis bay,-22.9575,14.5053,10.53,100,0,0.51,NA,1683590477
237,banjar,-8.19,114.9675,27.0,85,99,1.18,ID,1683590478
238,st. john's,47.5649,-52.7093,6.55,93,100,9.77,CA,1683590272
239,juticalpa,14.65,-86.2,36.08,49,37,4.39,HN,1683590447
240,howrah,22.5892,88.3103,31.0,74,75,2.06,IN,1683590478
241,antalaha,-14.9003,50.2788,21.65,88,1,2.75,MG,1683590479
242,gaziantep,37.0594,37.3825,10.96,87,0,0.0,TR,1683590413
243,gadzhiyevo,69.2551,33.3362,1.01,99,100,4.44,RU,1683590479
244,takum,7.2667,9.9833,26.34,69,80,1.76,NG,1683590479
245,guarapari,-20.6667,-40.4975,22.72,86,73,2.91,BR,1683590400
246,lagunas,-5.2269,-75.6753,23.59,97,44,1.24,PE,1683590480
247,la ronge,55.1001,-105.2842,19.14,26,75,3.09,CA,1683590480
248,wainwright,52.839,-110.8572,13.37,66,100,5.65,CA,1683590480
249,hadibu,12.65,54.0333,28.04,70,91,1.68,YE,1683590481
250,carnarvon,-24.8667,113.6333,23.7,49,57,2.35,AU,1683590481
251,duyun,26.2667,107.5167,13.69,98,100,0.63,CN,1683590481
252,beyneu,45.3167,55.2,20.06,38,69,5.76,KZ,1683590481
253,lhasa,29.65,91.1,7.18,55,8,2.82,CN,1683590482
254,vila velha,-20.3297,-40.2925,22.97,99,75,1.54,BR,1683590476
255,vengerovo,55.6848,76.7471,10.37,35,100,3.1,RU,1683590482
256,santana,-0.0583,-51.1817,27.1,89,100,4.63,BR,1683590483
257,shevchenkove,49.6959,37.1735,3.61,73,82,4.54,UA,1683590483
258,rohri,27.6922,68.8951,24.93,44,0,3.09,PK,1683590483
259,ust'-ilimsk,58.0006,102.6619,13.36,56,20,3.89,RU,1683590483
260,dinajpur,25.6272,88.6386,25.71,45,13,3.08,BD,1683590484
261,martinsburg,39.4562,-77.9639,23.58,78,74,2.07,US,1683590484
262,kununurra,-15.7667,128.7333,20.99,24,33,7.72,AU,1683590484
263,castillos,-34.1667,-53.8333,12.63,82,2,2.74,UY,1683590484
264,el granada,37.5027,-122.4694,19.68,64,0,7.72,US,1683590485
265,verkhnevilyuysk,63.4453,120.3167,-0.89,73,86,4.02,RU,1683590486
266,maua,-23.6678,-46.4614,23.33,79,12,1.13,BR,1683590486
267,langxiang,46.95,128.8833,8.0,25,26,6.51,CN,1683590486
268,mazara del vallo,37.6641,12.588,15.97,91,100,2.2,IT,1683590475
269,hasaki,35.7333,140.8333,15.22,57,100,8.12,JP,1683590487
270,sorong,-0.8833,131.25,27.77,74,52,2.16,ID,1683590449
271,jilikul,37.4917,68.5311,17.02,46,0,2.8,TJ,1683590487
272,de soto,34.9248,-89.9904,29.94,58,75,5.14,US,1683590193
273,kerikeri,-35.2268,173.9474,18.28,96,100,1.79,NZ,1683590488
274,laguna,38.421,-121.4238,21.66,44,0,4.12,US,1683590489
275,mbandaka,0.0487,18.2603,22.47,95,93,1.72,CD,1683590489
276,nanpara,27.8667,81.5,25.95,27,0,2.52,IN,1683590489
277,severo-yeniseyskiy,60.3725,93.0408,7.33,75,97,3.41,RU,1683590490
278,bilibino,68.0546,166.4372,-1.82,86,100,2.16,RU,1683590490
279,revda,56.801,59.9303,-2.53,73,7,0.99,RU,1683590490
280,san andres,12.5847,-81.7006,29.01,70,20,4.12,CO,1683590491
281,kani keli,-12.9536,45.1033,26.59,69,0,6.18,YT,1683590491
282,manokwari,-0.8667,134.0833,28.37,73,85,1.31,ID,1683590491
283,kapoeta,4.7717,33.5903,25.38,60,92,2.01,SS,1683590491
284,plastun,44.7561,136.2939,12.34,31,10,2.95,RU,1683590492
285,nuuk,64.1835,-51.7216,0.34,93,75,4.47,GL,1683590492
286,tofol,5.3248,163.0078,27.69,81,100,5.32,FM,1683590492
287,lakatoro,-16.0999,167.4164,28.28,70,19,2.34,VU,1683590492
288,ilulissat,69.2167,-51.1,-0.99,86,100,2.57,GL,1683590493
289,salym,60.0625,71.4789,-1.35,76,10,3.39,RU,1683590493
290,inayauan,9.9005,122.434,29.13,70,90,1.26,PH,1683590493
291,igurubi,-4.0,33.7,21.57,74,83,1.84,TZ,1683590493
292,port macquarie,-31.4333,152.9167,18.27,50,74,6.79,AU,1683590494
293,brisas de zicatela,15.8369,-97.0419,30.14,70,16,3.5,MX,1683590494
294,port blair,11.6667,92.75,28.6,79,100,4.47,IN,1683590494
295,ghadamis,30.1337,9.5007,17.69,67,0,8.11,LY,1683590494
296,luena,-11.7833,19.9167,14.38,60,9,1.79,AO,1683590495
297,linqiong,30.4159,103.4609,14.9,90,100,0.56,CN,1683590495
298,yeppoon,-23.1333,150.7333,15.88,30,38,4.56,AU,1683590495
299,kuanda,56.3161,116.0806,3.21,100,100,1.13,RU,1683590496
300,kapuskasing,49.4169,-82.4331,15.05,24,40,4.12,CA,1683590496
301,zhangye,38.9342,100.4517,7.86,71,93,0.28,CN,1683590496
302,ciudad guadalupe victoria,24.4497,-104.1225,27.43,9,63,10.25,MX,1683590496
303,papatowai,-46.5619,169.4708,12.79,94,100,3.67,NZ,1683590497
304,cuito,-12.3833,16.9333,13.97,65,10,0.95,AO,1683590497
305,kismayo,-0.3582,42.5454,26.55,82,40,6.41,SO,1683590497
306,qamdo,31.1667,97.2333,2.46,54,77,2.54,CN,1683590497
307,elliot lake,46.3834,-82.6331,11.16,59,82,1.27,CA,1683590498
308,kudahuvadhoo,2.6708,72.8944,28.11,75,25,4.75,MV,1683590498
309,fuyang,32.9,115.8167,17.08,55,2,3.73,CN,1683590498
310,khost,33.3395,69.9204,16.07,50,0,1.26,AF,1683590498
311,qui nhon,13.7667,109.2333,26.87,85,100,2.54,VN,1683590499
312,aykhal,66.0,111.5,-0.25,98,100,10.76,RU,1683590499
313,sarupathar,26.1984,93.8094,21.64,68,0,1.16,IN,1683590499
314,cabedelo,-6.9811,-34.8339,26.37,81,51,4.1,BR,1683590499
315,nhandeara,-20.6942,-50.0383,21.19,69,67,1.84,BR,1683590504
316,orkney,-26.9802,26.6727,12.51,65,0,0.76,ZA,1683590505
317,pali,25.7667,73.3333,28.7,16,0,2.3,IN,1683590505
318,conceicao do rio verde,-21.8808,-45.0853,16.48,87,9,0.93,BR,1683590505
319,knysna,-34.0363,23.0471,15.16,81,47,1.27,ZA,1683590505
320,pyshma,56.9523,63.2513,-0.09,55,1,2.27,RU,1683590506
321,belogorsk,50.9158,128.4611,5.17,46,100,9.36,RU,1683590511
322,udachny,66.4167,112.4,0.25,63,100,11.46,RU,1683590511
323,lorengau,-2.0226,147.2712,29.67,70,100,1.67,PG,1683590511
324,as sulayyil,20.4607,45.5779,31.14,17,81,3.79,SA,1683590512
325,new norfolk,-42.7826,147.0587,14.4,61,99,1.34,AU,1683590512
326,lagoa,39.05,-27.9833,16.09,89,96,2.87,PT,1683590512
327,kiunga,-6.1219,141.2906,23.94,100,100,0.67,PG,1683590512
328,ajaccio,42.0,8.9167,12.03,88,0,1.54,FR,1683590290
329,laojunmiao,39.8333,97.7333,6.02,46,16,2.1,CN,1683590513
330,leh,34.1667,77.5833,-4.02,87,86,1.18,IN,1683590513
331,stenungsund,58.0705,11.8181,10.14,68,68,4.96,SE,1683590513
332,karratha,-20.7377,116.8463,23.87,32,2,9.01,AU,1683590514
333,meadow lakes,61.6247,-149.6011,11.83,40,75,4.12,US,1683590514
334,kapa'a,22.0752,-159.319,28.99,68,12,4.02,US,1683590514
335,caarapo,-22.6342,-54.8222,20.68,94,100,2.44,BR,1683590515
336,ayorou,14.7308,0.9174,33.33,26,90,4.39,NE,1683590515
337,katabu,-4.9333,122.5167,24.79,96,100,1.01,ID,1683590515
338,kruisfontein,-34.0033,24.7314,13.27,75,41,2.58,ZA,1683590516
339,port alfred,-33.5906,26.891,17.32,84,74,2.22,ZA,1683590516
340,baukau,51.5526,7.2042,16.06,80,100,0.89,DE,1683590516
341,hengchun,22.0042,120.7439,23.72,76,100,8.66,TW,1683590517
342,comodoro rivadavia,-45.8667,-67.5,15.92,36,0,8.23,AR,1683590517
343,kimbe,-5.5502,150.1429,31.12,63,44,0.8,PG,1683590517
344,utrik,11.2278,169.8474,26.95,84,100,8.12,MH,1683590517
345,crane,31.3974,-102.3501,33.95,9,0,1.16,US,1683590518
346,temiskaming shores,47.4938,-79.7153,12.89,54,1,1.49,CA,1683590518
347,caleta de carquin,-11.0925,-77.6267,22.53,84,20,4.82,PE,1683590519
348,redding,40.5865,-122.3917,14.95,70,100,3.09,US,1683590281
349,piti village,13.4626,144.6933,30.17,79,15,4.3,GU,1683590519
350,az zulfi,26.2995,44.8154,29.09,24,76,4.57,SA,1683590519
351,shingu,33.7333,135.9833,17.43,60,100,1.91,JP,1683590519
352,charters towers,-20.1,146.2667,17.27,20,10,7.06,AU,1683590520
353,arraial do cabo,-22.9661,-42.0278,22.98,94,0,6.17,BR,1683590520
354,sao gabriel da cachoeira,-0.1303,-67.0892,24.18,96,77,0.45,BR,1683590434
355,petrovsk-zabaykal'skiy,51.273,108.843,12.05,35,36,1.16,RU,1683590520
356,tongliao,43.6125,122.2653,15.47,15,0,3.03,CN,1683590427
357,jining,35.405,116.5814,17.52,45,95,1.85,CN,1683590521
358,briancon,44.9,6.65,10.17,90,93,0.5,FR,1683590521
359,makushino,55.2103,67.2442,3.79,45,75,3.42,RU,1683590521
360,ilha de mocambique,-15.0342,40.7358,24.69,74,0,5.43,MZ,1683590522
361,ambanja,-13.6833,48.45,21.8,88,11,1.91,MG,1683590522
362,woolgoolga,-30.1106,153.2007,18.36,49,34,4.45,AU,1683590522
363,nadvoitsy,63.8667,34.3167,3.71,91,99,2.57,RU,1683590523
364,kharabali,47.4196,47.2568,8.01,83,100,7.68,RU,1683590523
365,leava,-14.3,-178.1667,27.69,77,7,1.81,WF,1683590523
366,maebashi,36.3911,139.0608,18.53,34,89,2.22,JP,1683590408
367,sisimiut,66.9395,-53.6735,-0.55,85,85,6.16,GL,1683590524
368,bac lieu,9.285,105.7244,29.57,69,90,4.18,VN,1683590524
369,lazaro cardenas,17.9583,-102.2,29.65,55,5,3.82,MX,1683590525
370,plettenberg bay,-34.0527,23.3716,15.27,77,50,1.89,ZA,1683590525
371,nemuro,43.3236,145.575,4.98,80,3,6.28,JP,1683590525
372,port-vila,-17.7338,168.3219,28.78,61,20,2.57,VU,1683590525
373,uglegorsk,49.0833,142.0333,7.58,59,98,1.71,RU,1683590526
374,san jose de feliciano,-30.3845,-58.7517,14.4,64,0,3.89,AR,1683590526
375,puerto baquerizo moreno,-0.9,-89.6,26.64,87,41,4.27,EC,1683590526
376,sainyabuli,19.25,101.75,22.1,98,100,0.38,LA,1683590526
377,antonio enes,-16.2325,39.9086,22.36,75,15,2.74,MZ,1683590527
378,ad dabbah,18.05,30.95,25.1,15,0,4.42,SD,1683590527
379,margate,51.3813,1.3862,13.16,88,100,2.68,GB,1683590528
380,la passe,45.5549,-0.8967,14.43,82,100,2.65,FR,1683590528
381,novominskaya,46.3163,38.9586,6.21,95,100,6.25,RU,1683590528
382,lethem,3.3803,-59.7968,25.72,85,79,3.19,GY,1683590528
383,embu,-23.6489,-46.8522,23.19,73,10,1.01,BR,1683590529
384,sao raimundo nonato,-9.0153,-42.6994,24.71,59,65,1.23,BR,1683590257
385,murray,40.6669,-111.888,20.54,43,100,16.46,US,1683590300
386,rurrenabaque,-14.4413,-67.5278,21.11,99,99,0.68,BO,1683590529
387,maqat,47.65,53.3167,15.16,48,82,7.72,KZ,1683590529
388,camacupa,-12.0167,17.4833,14.86,63,24,1.72,AO,1683590530
389,montevideo,-34.8335,-56.1674,18.79,94,0,4.02,UY,1683590351
390,isangel,-19.55,169.2667,29.06,74,75,1.03,VU,1683590530
391,khandyga,62.6667,135.6,-0.66,47,87,1.9,RU,1683590530
392,ad dilam,23.9915,47.1627,32.23,15,57,4.26,SA,1683590530
393,tabasco,18.0,-92.6667,38.3,24,2,5.64,MX,1683590531
394,coventry,52.4066,-1.5122,13.56,97,40,2.06,GB,1683590514
395,mersrags,57.3354,23.1246,6.0,68,47,3.02,LV,1683590531
396,fort mcmurray,56.7268,-111.381,19.77,42,100,1.54,CA,1683590363
397,tolanaro,-25.0319,46.9987,23.04,88,20,5.14,MG,1683590532
398,pontianak,-0.0333,109.3333,24.99,94,40,1.54,ID,1683590532
399,tanhacu,-14.0214,-41.2481,23.41,70,61,2.06,BR,1683590532
400,westerland,54.9079,8.3033,13.01,58,20,7.2,DE,1683590532
401,novoderevyankovskaya,46.3231,38.7472,6.3,94,100,6.22,RU,1683590533
402,karlskrona,56.1616,15.5866,1.25,70,7,2.79,SE,1683590533
403,huilong,31.8111,121.655,16.54,54,7,3.05,CN,1683590533
404,gutao,37.2025,112.1781,16.12,42,100,0.92,CN,1683590534
405,arno,60.1167,18.6333,5.99,60,70,4.75,SE,1683590534
406,ixtapa,20.7,-105.2,29.01,69,25,1.34,MX,1683590534
407,nova vicosa,-17.8919,-39.3719,24.47,86,1,3.47,BR,1683590534
408,port lincoln,-34.7333,135.8667,14.26,79,41,2.26,AU,1683590535
409,zharkent,44.1628,80.0,12.43,30,0,2.36,KZ,1683590535
410,bei'an,24.5399,109.533,17.52,92,100,1.19,CN,1683590535
411,turbat,26.0023,63.044,30.53,29,0,0.62,PK,1683590535
412,acarau,-2.8856,-40.12,25.89,85,68,3.85,BR,1683590536
413,kodiak,57.79,-152.4072,2.73,93,100,13.38,US,1683590536
414,narasapur,16.45,81.6667,27.82,81,81,1.48,IN,1683590536
415,jeju city,33.5097,126.5219,15.96,72,0,3.6,KR,1683590537
416,alice springs,-23.7,133.8833,9.75,50,0,4.12,AU,1683590537
417,namibe,-15.1961,12.1522,23.33,75,72,1.62,AO,1683590537
418,khovd,48.0056,91.6419,3.7,57,41,2.11,MN,1683590537
419,manta,-0.95,-80.7333,29.88,70,40,3.12,EC,1683590537
420,cannonvale,-20.2833,148.7,16.66,43,2,8.42,AU,1683590538
421,galle,6.0367,80.217,27.71,80,100,6.2,LK,1683590538
422,belmonte,-15.8631,-38.8828,24.53,87,0,3.61,BR,1683590538
423,arac,41.2422,33.3277,7.9,91,85,0.02,TR,1683590539
424,brookings,44.3114,-96.7984,22.36,46,0,2.06,US,1683590473
425,pisco,-13.7,-76.2167,21.03,83,0,7.72,PE,1683590539
426,zalingei,12.9096,23.4741,27.47,24,52,1.72,SD,1683590539
427,mountain home,43.133,-115.6912,16.19,41,75,6.69,US,1683590472
428,navrongo,10.8956,-1.0921,31.68,42,61,1.71,GH,1683590540
429,bulayevo,54.9056,70.4439,8.54,39,100,3.27,KZ,1683590540
430,zhalantun,48.0,122.7167,11.96,19,29,6.16,CN,1683590540
431,salisbury,51.0693,-1.7957,13.43,94,100,2.57,GB,1683590541
432,vila franca do campo,37.7167,-25.4333,17.23,90,99,0.91,PT,1683590541
433,ballina,-28.8667,153.5667,17.66,50,1,4.34,AU,1683590541
434,yemetsk,63.4721,41.7941,2.98,85,95,2.47,RU,1683590542
435,coahuayana de hidalgo,18.7,-103.6583,30.31,57,14,2.7,MX,1683590542
436,vernon,50.2581,-119.2691,18.75,51,99,1.34,CA,1683590542
437,lodwar,3.1191,35.5973,28.09,57,12,5.4,KE,1683590543
438,dudinka,69.4058,86.1778,-3.54,97,95,3.29,RU,1683590543
439,atherton,53.5237,-2.4935,14.05,91,98,0.45,GB,1683590543
440,wynyard,-41.0,145.7167,11.66,78,96,4.41,AU,1683590543
441,grand island,40.925,-98.342,28.16,25,11,1.79,US,1683590285
442,i-n-salah,27.1935,2.4607,28.36,12,22,8.73,DZ,1683590544
443,rio grande,-32.035,-52.0986,19.06,80,0,4.63,BR,1683590544
444,kertih,4.5141,103.4483,26.01,88,20,1.03,MY,1683590545
445,rizhao,35.4275,119.4553,17.86,36,100,1.05,CN,1683590545
446,barra dos coqueiros,-10.9089,-37.0386,28.01,74,20,3.6,BR,1683590545
447,sinabang,2.4803,96.3801,26.06,81,99,1.3,ID,1683590545
448,campina grande do sul,-25.3056,-49.0553,20.27,97,100,1.2,BR,1683590528
449,dharmanagar,24.3667,92.1667,22.6,57,0,1.01,IN,1683590546
450,saint-philippe,-21.3585,55.7679,23.77,79,84,4.05,RE,1683590546
451,atuncolla,-15.6833,-70.15,6.03,63,94,5.07,PE,1683590546
452,oranjemund,-28.55,16.4333,12.89,88,0,2.41,NA,1683590546
453,kingscliff,-28.2667,153.5667,19.31,39,0,4.63,AU,1683590547
454,sao vicente,-23.9631,-46.3919,27.37,26,8,1.34,BR,1683590547
455,quillacollo,-17.4,-66.2833,18.04,41,75,3.09,BO,1683590547
456,at taj,24.2049,23.2857,20.39,22,71,3.43,LY,1683590547
457,ketchikan,55.3422,-131.6461,8.99,65,61,2.52,US,1683590548
458,mutuali,-14.8706,37.0044,18.36,72,83,1.4,MZ,1683590548
459,annaba,36.9,7.7667,16.98,88,40,4.63,DZ,1683590548
460,naha,26.2125,127.6811,22.95,70,20,7.72,JP,1683590548
461,essaouira,31.5125,-9.77,20.9,71,0,10.55,MA,1683590549
462,enewetak,11.3474,162.3373,27.47,81,100,7.82,MH,1683590549
463,boise,43.6135,-116.2035,16.68,58,0,2.06,US,1683590357
464,bonga,7.2833,36.2333,14.41,97,41,0.7,ET,1683590549
465,zuunmod,47.7069,106.9528,7.57,32,100,2.84,MN,1683590550
466,gilroy,37.0058,-121.5683,21.16,54,0,6.17,US,1683590550
467,kuhdasht,33.535,47.6061,16.16,31,41,1.64,IR,1683590550
468,cove,7.221,2.3402,25.48,86,31,1.91,BJ,1683590550
469,luganville,-15.5333,167.1667,28.73,67,13,2.69,VU,1683590551
470,bonnyville,54.2668,-110.735,18.89,54,100,4.31,CA,1683590438
471,bedford,52.1346,-0.4663,13.84,95,100,2.45,GB,1683590467
472,elva,58.2225,26.4211,3.45,69,38,0.89,EE,1683590551
473,al kharj,24.155,47.3346,32.32,15,57,2.89,SA,1683590358
474,boyolangu,-8.1181,111.8935,25.64,91,100,1.3,ID,1683590552
475,villa gesell,-37.2639,-56.973,12.81,79,64,8.39,AR,1683590552
476,lydenburg,-25.0978,30.4597,10.61,94,94,1.03,ZA,1683590552
477,quang ngai,15.1167,108.8,26.96,85,100,1.87,VN,1683590552
478,alapa,8.6167,4.3833,24.88,71,63,2.53,NG,1683590553
479,osa,57.2829,55.4567,-0.81,71,7,0.93,RU,1683590553
480,katsuura,35.1333,140.3,15.22,59,100,8.98,JP,1683590553
481,edson,53.5835,-116.4356,15.08,41,75,3.09,CA,1683590440
482,corner brook,48.9667,-57.9484,3.09,95,100,2.01,CA,1683590553
483,al jawf,29.5,38.75,19.52,34,5,7.27,SA,1683590554
484,tralee,52.2704,-9.7026,9.6,96,10,2.31,IE,1683590554
485,chegdomyn,51.1167,133.0167,12.14,50,100,2.37,RU,1683590554
486,kailua-kona,19.6406,-155.9956,26.79,75,18,3.13,US,1683590554
487,manistee,44.2445,-86.3242,14.01,84,0,1.54,US,1683590554
488,san jose,37.3394,-121.895,20.98,57,40,8.23,US,1683590164
489,thames,-37.1333,175.5333,18.76,91,100,5.15,NZ,1683590555
490,emmett,43.8735,-116.4993,17.32,51,52,1.79,US,1683590406
491,zemio,5.0314,25.1361,20.26,98,100,1.15,CF,1683590555
492,baiti,13.745,-14.7482,31.75,28,99,2.67,SN,1683590556
493,arteche,12.2645,125.4048,28.72,69,70,0.49,PH,1683590556
494,wewak,-3.5534,143.6268,28.08,81,90,1.53,PG,1683590556
495,mogocha,53.7333,119.7667,7.17,36,77,1.03,RU,1683590556
496,la'ie,21.6477,-157.9253,28.98,74,9,8.39,US,1683590556
497,angel r. cabada,18.5833,-95.4333,29.93,61,15,5.61,MX,1683590557
498,antofagasta,-23.65,-70.4,15.6,77,28,2.49,CL,1683590557
499,karapinar,37.716,33.5506,12.82,62,38,2.39,TR,1683590557
500,sayan,-11.1361,-77.1933,23.31,76,16,0.93,PE,1683590557
501,road town,18.4167,-64.6167,29.05,78,20,4.12,VG,1683590301
502,marly,50.3456,3.5496,14.45,85,100,3.95,FR,1683590558
503,kuta,-8.7233,115.1723,27.97,88,75,5.36,ID,1683590558
504,okhotsk,59.3833,143.3,3.53,72,49,0.93,RU,1683590558
505,ghat,24.9647,10.1728,29.26,15,86,6.45,LY,1683590559
506,north bondi,-33.8824,151.2769,17.74,54,20,8.23,AU,1683590559
507,akrehamn,59.2667,5.1833,13.45,76,100,5.66,NO,1683590559
508,dakhla,23.6848,-15.958,18.69,90,0,7.84,EH,1683590559
509,guiratinga,-16.3494,-53.7583,22.1,68,61,1.24,BR,1683590560
510,mersing,2.4312,103.8405,24.95,94,20,2.06,MY,1683590560
511,karasu,41.071,30.7854,12.37,91,81,3.82,TR,1683590560
512,valdivia,-39.8142,-73.2459,8.05,79,100,1.4,CL,1683590389
513,yermentau,51.6214,73.1069,13.06,48,79,2.68,KZ,1683590560
514,gharavuti,37.5672,68.4469,13.36,45,0,2.49,TJ,1683590561
515,port augusta,-32.5,137.7667,14.84,62,0,2.77,AU,1683590561
516,merritt island,28.5392,-80.672,25.12,67,0,2.06,US,1683590513
517,taoudenni,22.6783,-3.9836,35.64,12,100,4.6,ML,1683590562
518,mariental,-24.6333,17.9667,17.27,30,0,4.54,NA,1683590562
519,gloucester,51.8657,-2.2431,14.17,93,100,1.79,GB,1683590469
520,dolbeau-mistassini,48.8763,-72.212,9.26,40,83,4.48,CA,1683590562
521,shuangcheng,45.35,126.2833,10.82,17,0,7.64,CN,1683590563
522,caribou,46.8606,-68.012,6.24,53,75,5.14,US,1683590563
523,togur,58.3631,82.8265,6.46,49,99,4.86,RU,1683590563
524,ulsteinvik,62.3432,5.8487,14.5,75,100,1.34,NO,1683590267
525,dompu,-8.5356,118.4622,26.61,85,100,1.97,ID,1683590564
526,chita,52.0333,113.55,4.94,45,1,2.0,RU,1683590472
527,kourou,5.1552,-52.6478,25.03,92,88,3.86,GF,1683590564
528,gizo,-8.103,156.8419,28.92,76,69,1.57,SB,1683590564
529,sarangani,5.4033,125.4636,28.33,75,51,0.87,PH,1683590565
530,lan krabue,16.6,99.8489,28.07,65,100,2.5,TH,1683590565
531,yakakent,41.6325,35.5289,12.27,92,100,0.57,TR,1683590565
532,mareeba,-17.0,145.4333,23.58,62,58,3.38,AU,1683590565
533,zapolyarnyy,69.4154,30.8136,1.6,100,100,1.06,RU,1683590565
534,nouadhibou,20.931,-17.0347,19.99,77,0,7.72,MR,1683590566
535,san antonio de pale,-1.4014,5.6325,28.27,77,25,4.64,GQ,1683590566
536,forster,-32.1667,152.5167,17.86,51,65,4.02,AU,1683590566
537,chimore,-16.9833,-65.1333,20.12,94,100,0.39,BO,1683590566
538,lauro de freitas,-12.8944,-38.3272,24.01,94,75,1.54,BR,1683590567
539,gaiman,-43.2897,-65.4929,13.89,38,28,2.97,AR,1683590567
540,namtsy,62.7161,129.6658,-3.85,54,9,3.17,RU,1683590567
541,novodvinsk,64.4165,40.8122,1.9,96,100,1.78,RU,1683590567
542,saint cloud,45.5608,-94.1625,22.0,49,0,1.54,US,1683590281
543,hecun,36.5333,114.1111,18.09,33,87,1.5,CN,1683590568
544,nizhnyaya tavda,57.6731,66.1725,-0.11,60,0,2.37,RU,1683590568
545,manfalut,27.3104,30.97,21.14,38,0,3.26,EG,1683590568
546,griffith,41.5284,-87.4237,14.58,91,100,4.12,US,1683590568
547,rehoboth,-23.3167,17.0833,15.87,25,0,0.89,NA,1683590569
548,luanda,-8.8368,13.2343,28.0,89,75,1.54,AO,1683590402
549,cooma,-36.2333,149.1333,8.62,65,25,4.78,AU,1683590451
550,salahonda,2.1019,-78.7217,27.84,82,100,3.44,CO,1683590569
551,lata,40.1629,-8.3327,17.82,99,88,1.31,PT,1683590569
552,olyokminsk,60.3736,120.4264,3.3,69,74,2.91,RU,1683590570
553,fortuna,40.5982,-124.1573,16.51,61,75,3.09,US,1683590570
554,loen,7.7601,168.2307,28.19,79,100,6.94,MH,1683590570
555,seven pagodas,12.6264,80.1722,28.36,76,70,2.33,IN,1683590570
556,kavaratti,10.5669,72.642,29.07,58,65,2.93,IN,1683590570
557,mabaruma,8.2,-59.7833,24.06,97,100,1.51,GY,1683590571
558,sao joao da pesqueira,41.1108,-7.4338,15.85,92,93,1.8,PT,1683590571
559,umuahia,5.5263,7.4896,24.45,91,82,2.2,NG,1683590571
560,mora,11.0461,14.1401,30.97,18,18,1.42,CM,1683590571
561,canoinhas,-26.1772,-50.39,16.4,99,82,0.89,BR,1683590571
562,bengkulu,-3.8004,102.2655,24.36,90,100,1.57,ID,1683590572
563,gobernador galvez,-33.0302,-60.6405,16.14,59,0,2.06,AR,1683590572
564,cootamundra,-34.65,148.0333,10.53,73,13,1.82,AU,1683590572
565,wau,7.7029,27.9953,23.97,74,100,2.91,SS,1683590572
566,n'dalatando,-9.2978,14.9116,20.25,98,80,0.52,AO,1683590572
567,velez,6.0134,-73.6735,14.66,97,97,1.38,CO,1683590573
568,svendborg,55.0598,10.6068,11.03,76,56,8.86,DK,1683590573
569,chernyshevsk,52.5243,117.0174,11.75,35,3,2.59,RU,1683590573
570,tangalle,6.024,80.7911,26.83,84,100,5.04,LK,1683590573
571,camana,-16.6228,-72.7111,20.22,84,48,3.75,PE,1683590574
572,jala,21.0833,-104.4333,32.2,18,6,4.27,MX,1683590574
573,remire-montjoly,4.9167,-52.2667,25.02,88,100,1.03,GF,1683590466
574,tocache,-8.1842,-76.5125,21.69,98,40,0.37,PE,1683590574
575,jilib,0.4883,42.7854,23.96,91,49,1.95,SO,1683590574
576,visakhapatnam,17.69,83.2093,27.94,100,20,1.03,IN,1683590288
577,uyskoye,54.3775,60.0047,0.67,57,29,3.02,RU,1683590575
578,san clemente del tuyu,-36.3569,-56.7235,15.38,66,83,8.53,AR,1683590575
579,tafuna,-14.3358,-170.72,28.03,79,29,5.64,AS,1683590575
